{
	"format_version": "1.8.0",
	"animations": {
		"animation.player.single_hand_sword_attack1": {
			"loop": "hold_on_last_frame",
			"animation_length": 0.4167,
			"bones": {
				"root": {
					"rotation": {
						"0.0833": [0, 0, 0],
						"0.1667": [0, -20, 0]
					}
				},
				"waist": {
					"rotation": {
						"0.0": [0, 0, 0],
						"0.0833": [-2.5, 27.5, 0],
						"0.1667": [19.57365, -26.65406, -5.65758]
					},
					"position": {
						"0.0": [0, 0, 0],
						"0.0833": [0, 0, 0],
						"0.1667": [0, 0, -1]
					}
				},
				"leftArm": {
					"rotation": {
						"0.0": [0, 0, 0],
						"0.0833": [-27.89264, -17.94851, -11.49497],
						"0.1667": [40.0945, -2.49762, -14.33287]
					}
				},
				"rightArm": {
					"rotation": {
						"0.0": [0, 0, 0],
						"0.0833": [-172.00886, -17.20665, -46.58766],
						"0.1667": [-30.80876, -8.6656, -51.92992]
					},
					"position": {
						"0.0": [0, 0, 0],
						"0.0833": [0, 1, 0],
						"0.1667": [2, 1, -4]
					}
				},
				"rightItem": {
					"rotation": {
						"0.0833": [0, 0, 0],
						"0.1667": [52.5, 0, 0]
					},
					"position": {
						"0.0833": [0, 0, 0],
						"0.1667": [-1, 1, 0]
					}
				},
				"leftLeg": {
					"rotation": {
						"0.0": [0, 0, 0],
						"0.0833": [-5, 0, 0],
						"0.1667": [9.99526, -2.49048, 0.21803]
					},
					"position": {
						"0.0": [0, 0, 0],
						"0.0833": [0, 0, -2],
						"0.1667": [0, 0, 0]
					}
				},
				"rightLeg": {
					"rotation": {
						"0.0": [0, 0, 0],
						"0.0833": [5.04292, 7.4713, 0.6574],
						"0.1667": [3.16176, 14.886, 0.9392]
					},
					"position": {
						"0.0": [0, 0, 0],
						"0.0833": [0, 0, 1],
						"0.1667": [-1.2, 0, -4]
					}
				}
			},
			"sound_effects": {
				"0.0": {
					"effect": "whoosh_katana"
				}
			}
		},
		"animation.player.single_hand_sword_attack2": {
			"loop": "hold_on_last_frame",
			"animation_length": 0.5012,
			"bones": {
				"root": {
					"rotation": {
						"0.0": [0, 0, 0],
						"0.1": [0, -20, 0],
						"0.2": [0, 0, 0]
					}
				},
				"waist": {
					"rotation": {
						"0.0": [0, 0, 0],
						"0.1": [29.57365, -26.65406, -5.65758],
						"0.2": [2.22442, 11.33573, 4.01778]
					},
					"position": {
						"0.0": [0, 0, 0],
						"0.1": [0, 0, -1],
						"0.2": [0, 0, 0]
					}
				},
				"leftArm": {
					"rotation": {
						"0.0": [0, 0, 0],
						"0.1": [30.09394, 2.42508, -13.45681],
						"0.2": [30.09394, 2.42508, -13.45681]
					}
				},
				"rightArm": {
					"rotation": {
						"0.0": [0, 0, 0],
						"0.1": [-16.83413, -32.19065, -81.66762],
						"0.2": [-195.21576, 14.59755, -82.78696]
					},
					"position": {
						"0.0": [0, 0, 0],
						"0.1": [1, 1, -3],
						"0.2": [-1, 1, 1]
					}
				},
				"rightItem": {
					"rotation": {
						"0.0": [0, 0, 0],
						"0.1": [-61.19714, -10.54794, 165.95603],
						"0.2": [-83.16925, -11.9116, 176.05675]
					},
					"position": {
						"0.0": [0, 0, 0],
						"0.1": [1, -2, 0],
						"0.2": [1, 0, 1]
					}
				},
				"leftLeg": {
					"rotation": {
						"0.0": [0, 0, 0],
						"0.1": [9.99526, -2.49048, 0.21803],
						"0.2": [-7.5, 0, 0]
					},
					"position": {
						"0.0": [0, 0, 0],
						"0.1": [0, 0, 0],
						"0.2": [0, 0, -2]
					}
				},
				"rightLeg": {
					"rotation": {
						"0.0": [0, 0, 0],
						"0.1": [3.16176, 14.886, 0.9392],
						"0.2": [10, 0, 0]
					},
					"position": {
						"0.0": [0, 0, 0],
						"0.1": [-1.2, 0, -4],
						"0.2": [0, 0, 1]
					}
				},
				"weapon": {
					"rotation": {
						"0.0": [0, 0, 0],
						"0.2": [-13.71469, 26.1924, -20.85691]
					},
					"position": {
						"0.0": [0, 0, 0],
						"0.2": [1, 1, 0]
					}
				}
			},
			"sound_effects": {
				"0.0": {
					"effect": "whoosh_katana"
				}
			}
		}
	}
}